E1,E2,E3,E4,E5,sequence,Mahalanobis,Mahalanobis2,p_value,Diverse_flag
0.14731249999999999,-0.1020625000000001,-0.023229166666666662,-0.011916666666666664,0.08477083333333331,MGNEQKQHHEPEREEHRQKPEEEKPQTWKHPDDGTELSERDQERPLKP,5.615056740963615,31.528862204240937,7.363939241366946e-06,True
-0.09799999999999996,0.056295454545454524,-0.14795454545454542,-0.03861363636363638,-0.057409090909090923,MVVIMTAVMITNVVMTVAMIGDMTMTAGVIAMVETRIIAGKLLQ,4.8502798213632135,23.525214345523167,0.00026780155053552095,True
-0.01118750000000001,0.14985416666666673,-0.168875,-0.0809583333333334,-0.049645833333333333,MLSLNGCTVLAIADVAVATTVKVGGAVVGTAVDVTKAGVGAVTGSAAK,4.5548533835549305,20.7466893456818,0.0009043462118777497,True
0.12037499999999997,-0.007375000000000012,-0.050249999999999996,-0.10760000000000006,-0.053225000000000036,MSKDRKTVKEVKKQPTVNVNKKQSAYQSGKGSASSDLGKK,4.1699300350411574,17.388316497138348,0.0038192894592855957,True
-0.021424999999999982,0.008100000000000003,-0.15417499999999992,-0.10002500000000003,-0.034874999999999996,MKKIYISAAVLLAVAITEGCIKQRVAESSAAKHISVRKAL,4.117819627607498,16.956438485509555,0.004583157833450888,True
-0.13255,0.052349999999999994,-0.16212499999999994,-0.133025,0.02509999999999999,MLLIMALITSVQTTLLLMVLTTFLLTGLLLTALITWALKA,3.9145499946767908,15.323701660824064,0.00906515695624077,True
0.09609523809523811,-0.052809523809523806,-0.03135714285714287,-0.12723809523809523,0.006738095238095236,MKNKRARDSETGLFIPLDEAKRRPKETTVETIKKTPRPAPKR,3.8823218632646284,15.072423049982534,0.010057326573820566,False
-0.002729166666666672,0.013749999999999998,-0.02477083333333333,-0.06754166666666665,0.07612499999999998,MNKYKLRGTFLLQYDALMDARYQKLLKSLAPGSFEMGGWWEIPQPIGF,3.865768811587404,14.94416850464189,0.010603580136155977,False
0.12400000000000004,-0.05590000000000004,-0.050675000000000005,-0.02425,0.05089999999999999,MTEEKKKQPEQEQQTPAHSTEQERERLKDFNKDGIPPGAC,3.8156388059115818,14.559099497178362,0.012422099996200541,False
-0.14551020408163265,0.080265306122449,-0.10710204081632653,-0.12287755102040816,-0.008061224489795916,MRSLLYLIAVILVIAWIFGAFISPFGGNIIHVLLVIAIIAVILGVIRRA,3.739386151802899,13.98300879229529,0.01571770747560651,False
-0.011047619047619054,0.07578571428571428,-0.08138095238095237,0.0423095238095238,-0.002523809523809523,MTGDFCPACAECVLNAVESNSVMNEMCAFSKFVNVAITDPGF,3.668932827652214,13.461068093824073,0.019420658393858235,False
0.012840909090909092,0.051181818181818176,0.02434090909090908,-0.019454545454545457,0.016590909090909097,MDQQGKWAISPAYDVCHAYRPDSPWVTVGHLPLPYVMAYDTSNH,3.645458354031905,13.289366610981007,0.02081284790838143,False
0.11476744186046513,-0.014418604651162785,-0.0027209302325581475,-0.08558139534883723,0.026255813953488367,MAIKPGPKPIAESTGKTDQRRRVTPENKPKHPDLDVHKHKKGD,3.6345700751549592,13.210099631211927,0.021487476690908336,False
0.14493478260869566,0.005478260869565217,-0.007413043478260871,-0.07080434782608695,0.008195652173913045,MTQNTTRSDAAQTPKEVGDVGERNKKLNQEGEKPRPTTPPDPKDRS,3.623243146236594,13.12789089675045,0.022209318313916253,False
0.03380434782608695,0.06956521739130433,-0.022239130434782605,-0.06343478260869566,0.05008695652173913,MNYLSNDGFPILKDKLSRGKCHSKAIDEYAGFLASGSWPGLLIGPR,3.552077253320848,12.617252813559379,0.027242091607686886,False
0.1067209302325581,-0.010558139534883715,-0.09369767441860465,-0.11911627906976742,0.010395348837209306,MSKVVKTNKESKKQALLSPKEKKAAKDAKKSNSTAVGGAWKPS,3.5247891687838466,12.42413868437592,0.02941630468398239,False
0.01702439024390244,-0.02107317073170732,-0.0003658536585365796,-0.01251219512195124,-0.07931707317073172,MISRHISQLERECGVKLFNHSCAKTMYRLRKSRYWCSPNSC,3.51112580975367,12.328004451918366,0.03055953479828176,False
0.13541304347826086,0.013717391304347825,-0.015500000000000002,-0.07115217391304347,0.02058695652173913,MTQNTTRSDAAQTPKEVGDVGERNKKLNQEGEKPRPTTPPDPKDLS,3.504521764380263,12.281672797014952,0.031125544555848896,False
0.030292682926829264,0.03685365853658538,-0.1088292682926829,-0.07429268292682928,-0.05960975609756097,MLSALGGKTQQVSKKMESCVDLSRAIAGIDVGTSRQVRALR,3.4969938174558624,12.228965759324524,0.0317816025952646,False
-0.00012244897959183345,0.009877551020408172,-0.0773061224489796,0.017326530612244886,-0.04006122448979593,MRLSKALYCSFDGGERAVCCHGCMAILHVIQENHMISDYLRTKSAAQQQ,3.47699651514015,12.089504766296747,0.0335817286608549,False
-0.0321860465116279,0.07695348837209302,0.033023255813953475,-0.03288372093023256,-0.044511627906976735,MSRSLKLIACAVVLLTLNGCVFYGHPHPCCWRYGYGYGYGYRR,3.389589006998714,11.489313636366528,0.042496570099151997,False
-0.027886363636363633,0.044636363636363634,0.023590909090909083,-0.03956818181818182,0.005613636363636359,MLRRVTRLVPLLLILAMSGCVFFPGHGWHHDHRYYDGGPGYYHR,3.2680560134759573,10.680190107216365,0.05810281098681713,False
-0.03593617021276595,0.07212765957446804,-0.09072340425531918,-0.0619148936170213,0.073,MPQKPTFVIALILASLLLSGCYPFPEEPLLAACDTLACAALQGWRTA,3.1935296143361094,10.19863139764174,0.06979881635657467,False
-0.006666666666666664,0.038844444444444445,-0.06173333333333332,-0.06875555555555554,0.07435555555555554,MNKNFWKQFAIALALFLAGYFTFNSSFFASDKDKASATAPPLVQP,3.1909438968740442,10.18212295299771,0.07023630684141573,False
0.016244444444444443,0.10904444444444449,-0.014288888888888894,-0.04477777777777779,-0.005377777777777777,MLIADFDGDVRKIQHDTVVTSIPFPVYPDGFTYGGGSDIAVTTDG,3.054913985522027,9.332499458938075,0.09651449656130212,False
-0.02761363636363636,0.14538636363636367,-0.09259090909090908,-0.056500000000000015,-0.0013181818181818184,MSGGIAAKAGGSSMVKGIIRICFWGTIAMGITALVGYLFGAKTG,3.0177710001624285,9.106941809421345,0.10487388687413803,False
-0.0855,0.09384090909090909,-0.09454545454545454,-0.057954545454545474,0.034681818181818175,MNTTLPDCGMMGAMGWIMPVIGIALLLLLVLGIACLVKYLLSSK,2.9985312754356737,8.991189809765888,0.10941608321569353,False
-0.02765116279069767,-0.017488372093023244,-0.08697674418604652,-0.09525581395348838,-0.03893023255813954,MKVVHIKTNSTVKKIEAKVVSLFKQKAFCLKTFNQLQFTGFIA,2.976919447336309,8.862049395929114,0.11469467750878379,False
0.02843902439024392,-0.05970731707317075,-0.09560975609756099,-0.08285365853658538,0.01014634146341463,MKNSKTPATHKLVSRFDKELMSILMNDLKTLKARQIKHEAL,2.9744198348537942,8.847173353971673,0.1153173739653831,False
0.025361702127659574,-0.04468085106382979,-0.028106382978723428,-0.06808510638297875,0.051085106382978675,MKFITDFDSLEELEDELLKYLVYYNWKRPHQGINGKKPIKMATLNNK,2.967871753061044,8.808262742617634,0.1169606759717736,False
-0.08680851063829788,0.09755319148936172,-0.11263829787234043,-0.11853191489361702,0.0019361702127659603,MNKTYQVSKKGIEGLLAGTVLAIVVFALIWPPVGVIFAALVVGAIIV,2.9650584549600296,8.79157164132996,0.11767207684317811,False
0.060625000000000005,-0.005724999999999993,-0.009699999999999981,-0.05652500000000001,0.03647500000000001,MHYHAERGNDQWRAIKAIPVAEREQDPTTDTTSLPPLYPK,2.841436212265411,8.073759748373206,0.15221715930841073,False
-0.02140909090909091,0.044886363636363655,-0.11674999999999996,-0.002386363636363643,-0.007386363636363635,MDAATIAELIMVFFSGLCIEQNMAGNEQSTDSSITHLMQVVRGL,2.7874252480931903,7.769739513707383,0.16939063809212132,False
0.04887999999999999,0.033440000000000004,0.002719999999999989,-0.09659999999999996,0.002360000000000004,MTGKRLKKPAALLWREGKNARWRSVIGGPFDRPFSGRPVSRCPVSGRWQA,2.76925756044345,7.668787436073208,0.1754588912813187,False
0.0056097560975609745,0.04492682926829268,-0.09139024390243905,0.01568292682926829,-0.006048780487804882,MTAAVSHGNPTYNLSMHDRMNLFMVSARVLIADTDHGACAE,2.7264563521983725,7.433564240442856,0.19034010676713148,False
-0.07109523809523809,0.04809523809523811,-0.1332380952380952,-0.08957142857142861,0.060309523809523806,MLLQAVLLFGEHLAPATLIAFAFIWAGLAVYSVDIGLNARKR,2.676572080964343,7.164038104597792,0.20872365836744394,False
0.002199999999999997,-0.01855555555555555,0.023422222222222223,-0.040622222222222226,-0.05986666666666669,MRQHNYYTYILTNYNKTVLYTCVTNDIEKRLYEHYFGLNQESSFT,2.673517789195752,7.147697369146141,0.20988558096358464,False
-0.06235416666666668,0.067875,-0.12481249999999995,-0.08389583333333335,0.05910416666666666,MNRQFFKQFFIALVLFVLGYLTFNGKLFAAEAALVAPLAASATVSGGF,2.6494211597274564,7.01943248161158,0.21919909702391133,False
0.05848979591836735,0.031591836734693894,-0.07567346938775509,0.016897959183673462,-0.004122448979591837,MKKLYMCVGLCSAFLLHGCFDNADNATKDNNSGTQSSVQMQEGKADESK,2.6142340266019177,6.834219545843277,0.23326445692916925,False
0.0198125,0.03429166666666667,-0.1736458333333333,-0.07845833333333335,0.04314583333333335,MALNLLQNAERDAALGSLGETANSVALRVERELYSAEAALKVLAVSPS,2.5935970528879544,6.7267456727490815,0.24176856858453674,False
0.025720930232558146,0.04718604651162792,-0.07934883720930236,-0.08479069767441863,-0.051953488372093036,MQSLAYSSVLAADGVINDKNSKKISLTTKKLSVCYQLEITSTG,2.575484507124935,6.633120446440568,0.2493861573840558,False
-0.029926829268292685,0.008585365853658536,-0.11765853658536587,-0.058829268292682924,0.07117073170731708,MAMRLAVVLLFLYSTPILSAAQPAFDEPDAARERLMSFIED,2.548811596274703,6.496440553304399,0.260862749184361,False
-0.01592857142857143,0.12459523809523809,-0.12128571428571425,-0.04766666666666666,0.018785714285714294,MARCVSGVCGTFIDAAADTLAGPETLSLPPAIVGLARLCASL,2.533963739611578,6.420972233666294,0.2673833139683107,False
0.06897727272727272,0.04168181818181818,-0.05668181818181819,-0.028568181818181822,-0.04913636363636365,MRSTTIDNASGISRFDNSRTSESAHIQRGETEKAGSGWARLFCT,2.5138446568434203,6.319414958740213,0.2763672157118361,False
0.02181578947368421,-0.004973684210526313,0.01765789473684212,-0.053631578947368426,0.006026315789473685,MPVVFRYKGYRFFFYSNEGSPREPLHVHVRSSDDEAKF,2.5052466540376384,6.276260797566783,0.2802580400311743,False
-0.0020217391304347796,-0.01758695652173913,-0.05508695652173914,-0.0034130434782608703,0.022565217391304335,MKNTIFKNIFDAYQLVAGAKMKAKNFDEIYDLGQYDEKALNWICCC,2.5045181626564674,6.272611227076127,0.28058910722529545,False
0.021395833333333336,0.02420833333333332,-0.10849999999999997,-0.08035416666666668,-0.030458333333333313,MRIQDKVVVITGGASGLGLATAHYLIEEKAARVAIFDHQRRGRAKSRG,2.4912503485750777,6.206328299275446,0.2866568990359399,False
-0.006974999999999998,0.068975,-0.14782499999999993,-0.11190000000000004,0.046575000000000005,MKLCLALLGSVLSLAASARLLAASAVDKRPGPGTAERLYL,2.430311519149183,5.906414080109209,0.3154320306753651,False
0.02204,0.010920000000000006,-0.09385999999999996,-0.044480000000000006,-0.032279999999999996,MPSQSGMIIERHVQEGQAIRAGEVMFVLSSERIRVDNSGAQQAISDLLRR,2.3895981130147295,5.710179141723556,0.3354487302927553,False
0.05055319148936171,-0.03425531914893616,-0.018340425531914895,-0.0416595744680851,-0.03302127659574468,MNSNFHMLFYIRKKKNYKGDPMAIYMRITVDGKRAERSTGRECESSK,2.3891998671349897,5.7082760051178525,0.3356475144600533,False
0.08930952380952381,0.018023809523809525,-0.042666666666666665,-0.05300000000000001,-0.03780952380952379,MQKNETRIGRITFTYNFGNSKIKASQHQTGAEDEKGRVKSGG,2.3841264576422327,5.684058966029701,0.33818484490116285,False
-0.04675555555555555,0.038533333333333336,-0.061911111111111125,-0.1206222222222222,0.028533333333333348,MALIISELLLFDAQKRIGGLLFRSIKGKIVAFRSALPIYVPSHPY,2.375262680003239,5.641872799016169,0.34263963918263546,False
0.030937500000000003,-0.011437499999999991,-0.07081249999999999,-0.10279166666666663,-0.020875,MPCSEKRARKLLAAGRARVHRLFPFAIRLLDRTVTDSAFRQGRKPAST,2.323397572792041,5.398176281255946,0.36924043404119744,False
0.00744186046511628,0.04237209302325579,-0.09002325581395343,-0.0016511627906976682,-0.014465116279069769,MKLFALLIAAVLSMTSVAAYAHSGGTDAKGCHRNHKTNDYHCH,2.311976818552976,5.345236809526342,0.3752147118380286,False
-0.022139534883720936,0.03234883720930238,-0.015465116279069768,-0.04597674418604653,0.01888372093023256,MLRRLILLVPLMIMLSLGGCFFFPRGGGWHDRHDDGGRVYERR,2.306574706554762,5.320286876918187,0.3780545389109309,False
-0.05953191489361701,-0.02217021276595745,-0.026829787234042557,-0.08936170212765958,0.015425531914893615,MYFFRKKDPNRPTSFNLKVMHVINAIAITMFLAGITWKLIQWFILKK,2.301294437333783,5.295956087303413,0.3808388149923396,False
0.05544897959183671,-0.011530612244897959,-0.047714285714285716,-0.07534693877551023,0.04061224489795919,MQEWPNKAKSIIAQPLFRSRQEPAGKGKGSYRREAFQSKSWEASYFLAA,2.3010272540617587,5.294726423934998,0.38097992156156985,False
0.040680851063829786,-0.015382978723404248,-0.0983617021276596,-0.025148936170212768,0.04336170212765958,MIDDIKAEPRWLGAKFLKEIENKLCSVTAAESKDEVDCYQSELKGMG,2.301003585431868,5.294617500170311,0.3809924226156265,False
-0.013102040816326524,0.05334693877551021,-0.10940816326530611,-0.1256122448979592,0.0007346938775510194,MKKILIAAAIILSTAVLPSYTKQVAVKPTANISIDPSLALVKKDIGTAD,2.224666589565293,4.949141434728072,0.4221185555606324,False
-0.00861702127659573,0.05021276595744681,-0.10051063829787235,-0.11391489361702126,-0.02063829787234043,MKKLIIAAALILATGVLPSYTKQVSVKPAASIVQNNITFRKDVGTAD,2.21611917988794,4.911184219467196,0.42681536762493577,False
-0.018486486486486486,0.052108108108108134,-0.010189189189189195,-0.08745945945945946,-0.002864864864864859,MKPSSGTFLVFPSWLLHAVSRYEGQRPRVSIAFNFSI,2.212499900897404,4.895155811471023,0.42880918177011096,False
0.04069767441860467,0.10595348837209306,-0.1355348837209302,-0.05197674418604652,0.02204651162790699,MIENAQAAPAADASAEISVIGGDRRPNALTRGAGISTGTVAFA,2.203911295063949,4.857224996510452,0.4335521476091837,False
-0.03161224489795919,0.03022448979591838,-0.06706122448979594,-0.12777551020408162,-0.0177142857142857,MIARRPYNVVVVVVVVNKLAKIVWALLVKAPNIGPNSLRHAPKGIEKNL,2.190256175355054,4.797222113680949,0.4411254780934817,False
0.014809523809523812,0.01073809523809523,0.006499999999999999,-0.02488095238095239,-0.012214285714285712,MCRPETYKVIAKSSDVKEDPDDYVFGWNPAGYFSRRMLIVCH,2.148063318738257,4.614176021308815,0.4647539025382835,False
-0.08724489795918368,0.04936734693877552,-0.0710408163265306,-0.06369387755102042,-0.0010816326530612313,MISNFIAYHMQTSLNWGLASAIASLLLVVVLLMYWVYDRFVGITNMKLG,2.133306589763862,4.5509970059299185,0.47308934484206033,False
-0.0017999999999999921,0.08406000000000001,-0.10075999999999993,-0.08608000000000002,-0.028080000000000008,MPTFCASLVVIGLAGALFGGISANTLASATLAMKDFYARSSTKKRTTVSR,2.1209339768823967,4.498360934294179,0.48010276944112085,False
0.006577777777777778,0.021911111111111117,-0.11326666666666665,-0.10622222222222225,-0.004555555555555558,MSNKAKKISAGAIIAIAFLTYQLGKDIVKIGIKDGKATQMAITKK,2.1108234430004873,4.455575607520431,0.48584918201146454,False
0.027695652173913045,0.011478260869565216,-0.10115217391304343,-0.00886956521739131,0.02239130434782608,MSSYEFKARLAVSAEDAKNCEESDMAILAMSYQGHFRIHAPQTLGS,2.1108054226387845,4.455499532241298,0.48585943557532185,False
0.0391,0.061774999999999955,-0.024075000000000006,-0.055725000000000004,0.009174999999999992,MTSFDYCLSPPAAMGRLRPPTTARSGLSQQIDNLTDNLLQ,2.0963032208540984,4.394487193763267,0.494123561068996,False
-0.0336279069767442,0.03555813953488374,-0.06641860465116278,-0.11153488372093023,0.032139534883720934,MGTPKPVDFRKSIDGLAVLVELDIKVAVFDPVLFVFLNKPIRA,2.0955971542127876,4.391527432744734,0.49452651826946514,False
-0.05995744680851064,0.08797872340425532,-0.10246808510638297,-0.062212765957446826,0.0025957446808510614,MNLSDFYSIYAVTLMVVPTVCPLPFTVGEGSAEDAVVLLAVLLCAAR,2.095034855992475,4.389171047823412,0.4948474638644239,False
0.019440000000000002,0.036279999999999986,-0.0996799999999999,-0.015600000000000041,-0.013279999999999998,MSKEQALMKLSAILIAALLSITSVAAFAHSGGTDSKGCHRNHKTNDYHCH,2.0904519288853716,4.369989266980571,0.49746451586297424,False
0.0024186046511627877,0.05160465116279073,-0.1101627906976744,-0.08113953488372098,-0.025581395348837195,MKKFYTILICLTGLLAVSACNTVQGIGKDVKKAGEAVESVGKK,2.077972686171508,4.317970484474833,0.5046011714121135,False
0.002083333333333336,0.06799999999999999,-0.03462500000000001,-0.04539583333333334,-0.05129166666666666,MTNNTNVYGGISSAHTFRYVIIPGGVHTTATVNFRNYAEVKQAFHLAN,2.0726972665224657,4.296073958649701,0.5076223138368697,False
0.022307692307692306,0.05246153846153847,-0.04676923076923075,-0.0021025641025640964,-0.018102564102564094,MANLKVPVCATDHRQGSAQAKVTLVDFGDYQCPYCGEAY,2.068947758838027,4.280544828800895,0.5097709866503171,False
0.006320000000000001,0.06789999999999997,-0.09581999999999999,-0.044220000000000016,-0.0324,MSGIAVVTGGTRGIGRRIAEQFLGAGYKVFVTYARDEQAAASFMADCNRV,2.0324207860104146,4.130734251407191,0.5307512161154393,False
0.0027999999999999965,0.08362,-0.06780000000000003,-0.06208000000000003,0.0291,MKKALLMISLIACLASCKKDNPVIPTLNGKWELHSVTGGFGPGQAINTLG,2.028128305413002,4.113304423217416,0.5332210141732542,False
0.021652173913043478,0.04932608695652172,-0.011913043478260874,-0.07397826086956523,-0.0006521739130434861,MRQQQWIDKPAQSVTVSGGYARCPFYGRNPCAPGLYRGLARLLLKA,2.0086534797184337,4.034688801584973,0.5444325051174033,False
-0.060724999999999994,0.047149999999999984,-0.12800000000000006,-0.08030000000000001,0.015100000000000011,MFLGSGRVPELQAWSAKASISWVASVILTILMIAQLVVEE,2.00846008194345,4.033911900760291,0.5445438754571066,False
0.037125000000000005,-0.019449999999999995,-0.054800000000000015,-0.05715000000000001,0.03895,MHYHAERGNDQWRAIKAIPVAEREQDLATDTTSLLPLYPK,1.9997770803924393,3.9991083712629085,0.549544331564701,False
0.06455813953488372,-0.02399999999999999,-0.040302325581395355,-0.05523255813953489,0.013627906976744186,MKPMDMGKIIGEGYSKELEYSQQRKARVILDNHGKPKTAYTEQ,1.9901298558786564,3.960616843259602,0.5551000184981667,False
-0.016204081632653054,0.05316326530612245,-0.02479591836734693,-0.058020408163265313,0.010938775510204082,MTEFLKVIALSDFFTNNWFSCIVRAFPAGGLYAHTPTGIRREAGIRYNP,1.9860917404760712,3.9445604015872693,0.5574252513339655,False
0.01605714285714286,0.10054285714285714,-0.0853142857142857,-0.03760000000000001,-0.017457142857142866,MTNPREGGTTVNLMAPIVVNAATGRCAQIILEGQG,1.980182187366891,3.921121495165125,0.5608276041389049,False
0.026906976744186052,0.05590697674418604,-0.09651162790697665,-0.010348837209302363,-0.005232558139534872,MKLSALLIAALLSISSAAAFAHSGGTDSKGCHRNHKTNDYHCH,1.9514070527920888,3.807989485686706,0.5773786600566939,False
-0.018604651162790697,0.028767441860465117,0.0065348837209302305,-0.066,-0.024837209302325584,MTNQSVSLSLSKTYVGDEWFYRLTMNIFDRLNIINIVVQPPHP,1.9447425606971858,3.7820236273870473,0.5812063253093682,False
-0.0478780487804878,0.07424390243902439,-0.12409756097560974,-0.0635609756097561,0.027756097560975603,MNTGFAQGLCAPQTLLALALKTVLCIEVQAFLTPSADFTVL,1.9431288438396943,3.7757497037617873,0.5821327261886354,False
0.013979166666666668,-0.02558333333333333,-0.08714583333333333,-0.0897291666666667,0.012916666666666668,METTKVYFDKIKAPKKQMILVPNAAHGFNQAVLNAQLKAIKHLNSVKK,1.9414341774101271,3.769166665216137,0.5831054127152281,False
-0.02393478260869565,-0.02682608695652174,-0.06478260869565218,-0.08154347826086958,-0.012565217391304354,MTIKKPNEIIRQIEGILKLWTDYANQCDVETVLQKTITETFLFLKV,1.9306935155412246,3.727577450952933,0.5892654293381842,False
0.001057142857142858,0.05911428571428571,-0.13982857142857147,-0.04248571428571427,0.04199999999999999,MARAHQGELLLHSRLGRGTCALMTLPLFTSAAGAE,1.91085176955741,3.6513544852206854,0.6006195078586263,False
0.05781081081081082,0.012891891891891886,-0.0367027027027027,-0.03924324324324325,0.024378378378378373,MTAEHDTDTPEPRLNSTEIRILGCLIEKQATNPETYP,1.9102672210264318,3.649120855728046,0.6009534279973302,False
0.02191666666666667,0.05383333333333334,-0.11704166666666665,-0.08283333333333336,-0.012500000000000004,MKKSIIAAAIIILSAGVLPSCTKNAEVQPTATFEKSTVANKKDVGTAD,1.909157230899892,3.6448813322973437,0.6015874048943546,False
0.036217391304347826,0.07376086956521735,-0.04723913043478261,-0.038369565217391315,-0.037630434782608704,MSQSGQMLVADDGNVDRHDTRLQPSTTIVICGLTGTLLPSGREFTQ,1.898557521711488,3.6045206632472677,0.6076346626681618,False
-0.04749999999999999,0.05697727272727269,-0.07279545454545457,-0.10888636363636363,-0.01188636363636364,MTDVLIFLLSVTTSYRLPLVIVNREIGVDDSEIPGLLLQLTTNL,1.851121058420205,3.42664917292674,0.634514433375684,False
-0.020679999999999987,0.056839999999999974,-0.13005999999999993,-0.05636,0.0017600000000000014,MAVLSVAVVLAIYAAGAYRIEEARQAPRFSICTASHCAPQDATFAGLSLK,1.847365759159879,3.4127602481163564,0.6366272435056919,False
0.007479166666666669,0.05991666666666665,-0.12525,-0.08566666666666668,-0.004250000000000005,MAIGLSQIQTVFLDKKAGTGLETNRLGLTANARNVSSLTLDAVQALYA,1.844415631063416,3.401869020111059,0.6382852826417749,False
-0.021113636363636366,0.04845454545454546,-0.019545454545454553,-0.09213636363636367,-0.01934090909090909,MIFRKLIGQGRYPVGGQPAAYVYRIRSCDLPVTSAKALFEYFTV,1.8158610800240147,3.297351461945981,0.6542471966398573,False
0.01608823529411766,0.06970588235294116,-0.10317647058823527,-0.04558823529411765,-0.020676470588235293,MLVLASFMLSGCNTINGLGKDVERVGEKVQGASR,1.7924952247628425,3.2130391307975934,0.6671793484030305,False
0.04224489795918368,0.04748979591836732,-0.04922448979591837,-0.033877551020408174,0.0230408163265306,MCRAIAQAHDGTITGVTRPEGGACFTLRLPRETPPVIEPFAQQTDEEQP,1.7619676834700329,3.104530117592754,0.6838741547075723,False
0.012824999999999998,0.08970000000000002,-0.10090000000000003,-0.08272500000000003,-0.008275000000000008,MDLQLKNKIALVTGSTAGIGYGIAKSLATEGAVVYINGRD,1.7419945091338527,3.034544869852492,0.6946598719908398,False
0.004883720930232557,0.0031860465116279103,-0.09520930232558138,-0.028046511627906976,0.025511627906976753,MEKAVRNYNFLDVGVHNGFMFKPAAMAIANANKTDFELVQRAT,1.7193497098200852,2.956163424658411,0.7067442101057773,False
0.04284999999999999,-0.015324999999999995,-0.036775000000000016,-0.07802499999999998,-0.0011500000000000065,MKRAADSVVLNIAEGSTGQSKAKRYLKWFLDTRYDHPSKW,1.6535410615042778,2.7341980420806937,0.7408832353414014,False
0.007815789473684208,0.04768421052631581,-0.0715,-0.025157894736842108,-0.023973684210526324,MVRKGFHSASVNAISEEAGFSKGAFFQTLQVSQTCFYN,1.6441864559041885,2.703349101778776,0.7456061597235171,False
-0.008617021276595749,0.005085106382978727,-0.108063829787234,-0.08712765957446808,0.008723404255319147,MSGKAIVLDANILIRAVLGKRVRELIFDNAATVKFFAPDDRRANLDI,1.6333751843600575,2.6679144928832517,0.7510212285085649,False
-0.013954545454545454,0.03431818181818182,-0.0224090909090909,-0.09395454545454549,-0.022704545454545463,MPIGVAYLFGYLKSIKGIHFKSDNNSAIITLKTFTETNKFTVRY,1.6156679768662536,2.610383011471093,0.7597870714116378,False
-0.0498125,0.052583333333333336,-0.11368749999999996,-0.07764583333333337,0.02035416666666668,MRPDPRWPHRAQGFGLVAAMFLLIVVALVVIAMARLSVAQHGTLAAGR,1.6073246437593227,2.5834925104360336,0.7638717634239318,False
-0.02462000000000002,0.023000000000000003,-0.07238,-0.05934000000000003,0.03858000000000001,MLVKTVREPVAWFVIFFLELLLPANIHAAQNKVNLEKPDVCGNGNNQSLF,1.6056343597410865,2.5780616971811687,0.7646956561749313,False
0.03263636363636366,0.039886363636363636,-0.09645454545454545,-0.07118181818181822,-0.01738636363636364,MKNFQKAGIKTIARRVAGTLPETVKTTNTETGMEAAACATPYTL,1.5997375057108478,2.5591600871779647,0.7675602753617621,False
-0.020941176470588234,0.012411764705882358,-0.06332352941176472,-0.026529411764705885,-0.001764705882352951,MLVPAYQGRGLMTEAINATTRYAFDKIMLHYTEC,1.5736910220433378,2.476503432859805,0.7800294685806852,False
0.0027142857142857094,0.07838095238095237,-0.10276190476190478,-0.09154761904761907,0.015619047619047623,MKIADYVVAKRVGVSDGYGQGSAVPKKLTMLEAPVLLGFSAA,1.5478267960457852,2.3957677905573607,0.7921042129892685,False
-0.017048780487804876,-0.0039756097560975645,-0.09953658536585365,-0.08187804878048781,0.014487804878048788,MILDVVPLVYSVNEAEILDWEAGKALRRYDIAISRLGVKQE,1.5379128233355188,2.3651758521798265,0.7966485788649852,False
0.04936363636363636,0.057022727272727274,-0.06020454545454546,-0.0495909090909091,0.0198409090909091,MGFDPATQRASHDAINGHDPYAYLKGVLTRLPSQRASEIEVAGS,1.528925064654014,2.3376118533272807,0.8007272336278937,False
0.031854166666666676,0.0013124999999999988,-0.037875,-0.0775,-0.02320833333333333,MSQLEMFEKPDGEGEVIYRMTITTKSGKVIRRANGQPFRIVIRPKATN,1.482752920656248,2.1985562237146334,0.8210444863540335,False
0.04985714285714286,0.028261904761904773,-0.10390476190476187,-0.07516666666666667,0.029833333333333337,MTVAHAPAQPKAHAGTYKLVPENKGKTLEQIQVELTTAGAKN,1.462699865080952,2.1394908953078353,0.8295265698789385,False
0.03722727272727272,0.030818181818181824,-0.024704545454545458,-0.06025000000000002,0.001977272727272721,MARGPQLTSSKNFSVITAMDKSGNIYWYRLAHATGKWKSKAWDG,1.4617523632072063,2.1367199713418525,0.8299220943515135,False
0.03845652173913043,-0.013217391304347828,-0.04723913043478261,-0.07373913043478261,0.0024782608695652214,MPNLLFICSKNQWRSPTAELLFKGHQLHNARSAGTRDKARIKLTKN,1.4552099116988895,2.11763588710669,0.8326401174154812,False
-0.032285714285714286,0.047040816326530614,-0.0917142857142857,-0.09508163265306124,-0.006632653061224489,MKGLHLLELHSKKIIYRSPMYGVSAVSDSFQVLVAIPSQTSDLLAVVAL,1.4276439881966025,2.038167357033901,0.8438390539681699,False
0.014499999999999996,0.04384999999999999,-0.09220000000000002,-0.034925000000000005,0.03422500000000002,MFDKDPIHALSDSIAGNAYALNALNNLYNVACRLRLTGAE,1.4265156243290513,2.0349468264549033,0.8442886560478232,False
0.012800000000000006,-0.008266666666666665,-0.06757777777777778,-0.07831111111111111,-0.009777777777777786,MPIDHVSEKQIINGYATINIKITEAKGQLSFNENVTLDKKLLIQR,1.4223556882934556,2.02309570402075,0.845940165424971,False
0.014775510204081639,-0.002836734693877531,-0.07377551020408162,-0.0862448979591837,-0.004489795918367346,MASAVGYQACTLGYRVFYASIPKLFSKLKMAKADGSYFKKAAKIERQQR,1.3999116864946355,1.9597527299842543,0.8546855287468965,False
0.014800000000000002,-0.002759999999999997,-0.03848,-0.06338000000000002,-0.027079999999999996,MWQEIHLACRTDWGKSTTIVNKTGTLYQKIKYLGKVIFAENGKNIERISD,1.3980698215742762,1.9545992259967286,0.8553907748981646,False
0.023274999999999997,-0.011725,-0.044575000000000004,-0.08127500000000001,0.005774999999999992,MTKVRTRWQFLKANGIPAMYKSIDDSQAYLTLPAQENLTK,1.3923803671227741,1.9387230867489516,0.8575572598876962,False
0.01648,0.010280000000000006,-0.014159999999999999,-0.07148000000000003,-0.01972,MEDKTIELFQNQLFTIPKYTIHRTRPNGNRSVNLTFESLDLVTVQVDGPY,1.3857626619551562,1.9203381552690406,0.8600543493101601,False
0.010524999999999993,0.022025,-0.033775000000000006,-0.06885000000000002,0.015299999999999998,MGSDLSGKFHFPQVMDNDTKPIQLAPIKLTIQVNKLTYVE,1.3850033374686208,1.9182342447992184,0.8603392922808388,False
-0.041249999999999995,0.035725,-0.08555,-0.05585000000000001,0.022650000000000007,MGELNLFNILWLMTERLPLGIAAHVRDLDTRISGLTLVNC,1.3639367472297632,1.8603234504437067,0.8681146517817067,False
0.018025,0.060625,-0.05982499999999998,-0.08325000000000002,0.010474999999999996,MQPISIATDYAATFHLRMRSSAKPGRSLGAVPTLTVEPDL,1.3592840358816283,1.8476530902026478,0.8697979025418576,False
-0.028499999999999994,0.005749999999999994,-0.08999999999999998,-0.07179166666666666,0.0012291666666666631,MNKALRIPDYLGHILQAIERIERVINTSILDADKIVEIHDAIFGSLIT,1.3567605679690828,1.8407992387957886,0.8707056725912707,False
-0.051900000000000016,0.03398,-0.06676,-0.06723999999999998,0.010739999999999998,MKNAINTILTDINHVFVKGESDKVEQARVFFLLAVPIMSIIFGIGEFPIY,1.3557358729743225,1.8380197572694483,0.8710732488850074,False
-0.03209090909090909,0.02179545454545455,-0.042045454545454546,-0.05088636363636365,0.006545454545454538,MKKLLLSIMFFCFATTGYSQTNLISYDDLSYLLHNNINKADTFL,1.346751685224807,1.8137401016558576,0.87427031170379,False
-0.007551020408163266,0.06616326530612245,-0.10481632653061225,-0.052204081632653075,0.02659183673469388,MNAKQLICLAGVFAAAPFAYAQSDLPDSVKVPAGHKVAMQTTAIGEITY,1.3124899770079517,1.7226299397463336,0.8860365285685896,False
-0.012219999999999984,0.008679999999999998,-0.09058,-0.055540000000000006,-8.000000000000341e-05,MSIFFLLRIATSPLRCNAERALKIERQCALFSEHSGIASIRPKELSHGMV,1.27649061997344,1.6294283028801773,0.8976678800038972,False
0.033560975609756113,0.06617073170731709,-0.05287804878048781,-0.047,-0.006243902439024398,MTTSKGTNAGKDFSFTGNIEFLGSHKAKLSFNGQVFDITIQ,1.265826382583294,1.6023164308439077,0.900969077223599,False
0.02456521739130435,0.07460869565217391,-0.07119565217391303,-0.0709130434782609,0.0023695652173913017,MPSKNPKKGRFFRAMTDAVVHRGLPWCSASVAIAGVGAVAGAAPRR,1.2552919874154864,1.5757579736695217,0.9041652676059835,False
-0.010911111111111113,0.001422222222222218,-0.05848888888888889,-0.038911111111111125,0.00206666666666666,MIHSWERKVIVWDTQSNTLYAMIGAILMAKTQDKAQLPNCGKLNF,1.2496229712859062,1.5615575703654165,0.9058586327900136,False
0.012456521739130434,0.02047826086956522,-0.05769565217391306,-0.04021739130434783,-0.022826086956521746,MFLTQQGEGFSPNRLTQLVREHIEKANIGKRGSCHLASLICRNSIF,1.2449392266804464,1.5498736781277078,0.907243637721349,False
-0.005240000000000007,0.012640000000000016,-0.06117999999999998,-0.08528000000000001,0.020999999999999998,MKRKPDVLWVLAFLFGLGVVTTGYAQSLWANNADAPVEIVQQQKKPLQRH,1.1415633276692203,1.3031668310792237,0.9346054772675804,False
-0.002666666666666668,0.018822222222222223,-0.07106666666666667,-0.04040000000000002,0.021955555555555548,MELAPQQVFTRHGEVRIIDVRESDELVDGMISGAQHIPLVMPQLP,1.1365246756860359,1.291688338443249,0.9357846147460012,False
-0.002930232558139545,0.014767441860465122,-0.02765116279069766,-0.07225581395348839,-0.02225581395348837,MIVPTQVLLHLPHVFVNEGSMNKDQLQITDTRPVTARQWSKVP,1.128258928920933,1.2729682106898113,0.9376884942553722,False
-0.010292682926829269,0.019439024390243902,-0.041,-0.08263414634146342,0.005878048780487795,MAIDALRKHFSPDSLLSILPLYRADRYGIILRRSIDVDCPA,1.109727822745291,1.2314958405750038,0.9418203155806307,False
0.0061458333333333365,0.038041666666666654,-0.10064583333333331,-0.0847916666666667,0.003750000000000001,MRTLRQVKIEGFKSIASAELELGDLNVIIGANGSGKSNFIGVFRLLER,1.084535678494493,1.1762176379275102,0.9471385112359018,False
0.013191489361702134,0.06597872340425531,-0.08531914893617022,-0.04704255319148938,0.00908510638297872,MEMISNGVNKKPASKLLRACQTQGWWVGNGATSAALMTKHPAIIAGV,0.9917408220935259,0.9835498582067425,0.9638816478586659,False
0.00246341463414634,0.045975609756097574,-0.08946341463414632,-0.07668292682926829,0.02217073170731708,MPRTLSIASSRTHAAALNMPVAAPAVVIDRLAFGYDRQPLE,0.8395704970819732,0.7048786195704716,0.9826998524126588,False
0.03757446808510638,0.023510638297872345,-0.05102127659574469,-0.06021276595744681,0.0018085106382978696,MDKALPGRRRFFMGGIKAVREMGVSGFDRFMKQTKSHSGVFPKRAAG,0.8260090150248983,0.6822908929024026,0.983926436605404,False
0.005295454545454545,0.04254545454545455,-0.09965909090909092,-0.07265909090909092,0.01820454545454545,MLLFSLADADIYKDVFNRLSKAEVKNGNSICGDGLKGTVILKLA,0.7586743294568191,0.5755867381767541,0.989093709779496,False
0.023729166666666673,0.024374999999999997,-0.059041666666666666,-0.057312500000000016,-0.0010000000000000044,MLVITMDCDSVHAIAKLATKPPIGLLVEVAEHRNEYSRDNPKGRPNTV,0.47618295289799123,0.22675020463065051,0.9987986343210788,False
